{
  "coefficients": [
    [
      0.5735939757618438,
      -0.6500252272218165,
      2.355912720290553,
      1.8500138410394087,
      0.18766704997046524,
      0.060039260197145394,
      -1.5921511907954933,
      1.3221670737465148,
      1.9432031765490896,
      1.154712312556464
    ]
  ],
  "intercept": [
    0.0537830907763724
  ],
  "accuracy": 0.8045112781954887
}